ALA,0.0
ARG,4.800000000000001
ASN,-0.5999999999999996
ASP,-3.2
CYS,-1.0
GLU,-2.8
GLN,-0.2999999999999998
GLY,0.0
HIS,1.5999999999999996
ILE,0.0
LEU,0.0
LYS,3.6999999999999993
MET,-0.2999999999999998
PHE,-0.5
PRO,0.2999999999999998
SER,-0.2999999999999998
THR,-0.40000000000000036
TRP,-0.09999999999999964
TYR,-0.2999999999999998
VAL,0.0
